Rank,Median Household Income,Zip , Population
1,236912,94027 ,"7,230"
2,228587,92145 ,"1,968"
3,200325,91980 ,631
4,187857,94957 ,"1,063"
5,182750,94022 ,"19,737"
6,180174,94028 ,"6,720"
7,176241,94506 ,"21,896"
8,172443,90077 ,"8,328"
9,170656,94105 ,"6,282"
10,167546,94024 ,"22,573"
11,167386,95070 ,"31,093"
12,166750,95140 ,233
13,166147,94563 ,"18,284"
14,163486,92657 ,"9,751"
15,163219,94507 ,"15,973"
16,162328,94528 ,915
17,157938,90272 ,"23,497"
18,157879,91210 ,614
19,156250,90274 ,"25,482"
20,154107,95030 ,"13,429"
21,153269,94074 ,320
22,152721,95120 ,"37,673"
23,152210,91011 ,"20,671"
24,150864,92861 ,"5,911"
25,149821,95007 ,727
26,149538,92679 ,"32,822"
27,147568,94037 ,"2,880"
28,145610,94708 ,"11,143"
29,145505,95138 ,"19,136"
30,144886,94129 ,"3,334"
31,144152,94539 ,"51,459"
32,142071,90266 ,"35,534"
33,138750,90210 ,"21,478"
34,138371,94582 ,"39,721"
35,137344,94549 ,"28,298"
36,137122,92694 ,"24,568"
37,136331,94707 ,"12,402"
38,135076,96136 ,135
39,134907,94301 ,"16,927"
40,133333,95053 ,"2,730"
41,133088,94556 ,"15,505"
42,132826,94552 ,"15,209"
43,132486,94920 ,"12,583"
44,132462,94065 ,"11,585"
45,131607,90402 ,"11,503"
46,131166,92130 ,"50,280"
47,131108,94127 ,"19,356"
48,130961,95014 ,"62,478"
49,128802,94526 ,"32,274"
50,128654,95135 ,"21,349"
51,128060,91436 ,"14,563"
52,127684,94588 ,"31,910"
53,126984,92887 ,"20,071"
54,126557,94062 ,"27,014"
55,126397,95033 ,"9,628"
56,125735,92625 ,"12,572"
57,125629,92673 ,"29,875"
58,125335,94070 ,"29,879"
59,125272,93108 ,"12,119"
60,124814,90265 ,"17,660"
61,124712,92823 ,"2,960"
62,124375,95663 ,"2,485"
63,123575,94618 ,"17,007"
64,123459,92127 ,"41,900"
65,122970,94114 ,"32,229"
66,122354,94087 ,"55,229"
67,121948,94583 ,"35,272"
68,121715,91302 ,"25,165"
69,121367,94517 ,"12,781"
70,121337,94598 ,"26,974"
71,121209,94941 ,"30,605"
72,121200,94123 ,"25,528"
73,120984,92610 ,"11,799"
74,120893,95032 ,"25,898"
75,120742,90275 ,"42,420"
76,120686,92603 ,"20,173"
77,120672,93730 ,"10,137"
78,120610,94107 ,"27,792"
79,120401,94566 ,"42,523"
80,120208,95041 ,146
81,120152,91108 ,"13,613"
82,119939,92067 ,"9,020"
83,119924,92131 ,"33,868"
84,119095,94025 ,"40,945"
85,118919,95746 ,"23,715"
86,118750,91708 ,"3,447"
87,118125,94010 ,"42,223"
88,117700,95762 ,"40,603"
89,117326,91377 ,"14,512"
90,116855,95054 ,"23,914"
91,116732,90049 ,"35,262"
92,115807,94402 ,"24,306"
93,114779,94404 ,"35,045"
94,114777,92014 ,"13,525"
95,114757,95134 ,"16,811"
96,114608,91381 ,"20,296"
97,114603,94555 ,"35,654"
98,114542,95587 ,128
99,113826,93908 ,"12,350"
100,113616,94568 ,"48,097"
101,113281,94946 ,682
102,113279,94925 ,"9,478"
103,112008,92660 ,"35,308"
104,111833,94505 ,"14,353"
105,111602,94306 ,"27,094"
106,111098,91354 ,"29,034"
107,110964,92808 ,"20,137"
108,110343,91914 ,"16,926"
109,110236,95837 ,289
110,110054,92886 ,"48,649"
111,109913,91301 ,"26,439"
112,109545,96125 ,285
113,109267,92129 ,"54,664"
114,108919,95066 ,"15,095"
115,108882,91105 ,"11,373"
116,108366,95131 ,"29,660"
117,108295,94960 ,"15,999"
118,108205,95046 ,"6,303"
119,107768,94970 ,495
120,107660,94592 ,651
121,107577,94611 ,"37,225"
122,107493,95129 ,"40,530"
123,107324,95148 ,"46,993"
124,107095,95391 ,"12,359"
125,106750,90290 ,"6,902"
126,106660,95124 ,"48,505"
127,106458,90743 ,330
128,106365,91320 ,"44,958"
129,106333,94964 ,"4,478"
130,105985,94002 ,"26,679"
131,105659,91390 ,"19,691"
132,105480,94502 ,"13,192"
133,105029,90254 ,"19,725"
134,104934,90278 ,"40,839"
135,104557,93619 ,"30,409"
136,104167,95742 ,"9,780"
137,104149,92602 ,"23,529"
138,104125,92060 ,61
139,103598,92121 ,"4,832"
140,103472,94111 ,"3,477"
141,103378,94019 ,"18,382"
142,103333,94117 ,"42,638"
143,103319,90292 ,"21,507"
143,103319,95119 ,"10,595"
145,103306,91361 ,"20,266"
146,102952,94550 ,"48,050"
147,102872,95318 ,601
148,102755,92782 ,"22,583"
149,102500,92364 ,30
150,102479,95125 ,"54,696"
151,102396,93953 ,"4,578"
152,102273,91384 ,"28,949"
153,102237,94904 ,"12,271"
154,102212,92009 ,"43,627"
155,102160,92620 ,"43,802"
156,102045,92692 ,"48,967"
157,102030,92011 ,"23,883"
158,101932,94304 ,"3,688"
159,101912,94040 ,"33,958"
160,101303,92880 ,"61,187"
161,101292,92656 ,"51,370"
161,101292,95051 ,"54,406"
163,100844,94043 ,"29,280"
164,100750,94516 ,154
165,100747,91362 ,"35,564"
166,100694,92688 ,"45,074"
167,100398,91962 ,"1,722"
168,100380,92385 ,269
169,100308,95630 ,"73,356"
170,100215,94086 ,"47,051"
171,100204,94547 ,"24,622"
172,100139,95683 ,"6,555"
173,100114,94131 ,"28,370"
174,100049,91739 ,"38,009"
175,99638,93109 ,"11,031"
176,99606,91915 ,"27,290"
177,99537,93021 ,"36,407"
178,99398,90277 ,"34,546"
179,99167,95227 ,938
180,98990,95130 ,"14,559"
181,98899,95035 ,"69,635"
182,98831,91326 ,"36,024"
183,98697,92651 ,"23,668"
184,98655,91307 ,"25,597"
185,98407,91737 ,"24,759"
186,98400,95139 ,"6,632"
187,98321,94551 ,"39,775"
188,98315,91008 ,"1,149"
189,98264,92677 ,"64,642"
190,98219,93923 ,"12,954"
191,98026,95132 ,"41,222"
192,97921,91350 ,"35,826"
193,97609,91709 ,"76,187"
194,97470,92618 ,"21,345"
195,96860,95377 ,"32,453"
196,96824,90808 ,"39,834"
197,96719,94044 ,"38,416"
198,96563,93664 ,703
199,96537,94705 ,"12,790"
200,96446,93314 ,"23,264"
201,96297,92064 ,"49,079"
202,96281,94938 ,884
203,96010,90094 ,"6,062"
204,95984,92614 ,"25,657"
205,95975,91784 ,"26,034"
206,95806,92010 ,"15,283"
207,95631,90720 ,"22,325"
208,95625,93441 ,"1,195"
209,95435,95037 ,"46,834"
210,95306,92037 ,"39,241"
211,95189,94403 ,"40,032"
212,94933,93111 ,"17,554"
213,94712,93932 ,564
214,94697,92807 ,"36,323"
215,94420,94569 ,320
216,94318,92091 ,"1,433"
217,94196,92881 ,"32,817"
218,94173,93065 ,"72,273"
219,93919,91364 ,"26,975"
220,93917,92883 ,"31,940"
221,93889,92007 ,"11,782"
222,93810,94021 ,211
223,93750,94939 ,"6,935"
224,93713,92691 ,"48,129"
225,93588,93312 ,"56,313"
226,93529,93645 ,212
227,93523,93012 ,"35,366"
228,93509,91789 ,"43,369"
229,93393,95571 ,152
230,93389,94951 ,"4,812"
231,93099,92661 ,"3,152"
232,93092,91935 ,"8,426"
233,93049,94930 ,"8,756"
234,92806,92653 ,"28,853"
235,92684,92508 ,"36,583"
236,92678,95747 ,"56,415"
237,92489,94085 ,"23,964"
238,92464,95672 ,"5,166"
239,92402,92024 ,"49,226"
240,92397,92835 ,"23,378"
241,92356,94020 ,"1,483"
242,92137,93924 ,"5,967"
243,92107,94536 ,"70,696"
244,92006,94030 ,"22,203"
245,91882,94534 ,"36,499"
246,91737,93460 ,"4,944"
247,91617,91360 ,"44,208"
248,91518,95638 ,"2,047"
249,91180,92604 ,"28,425"
250,90984,95118 ,"31,579"
251,90966,91765 ,"47,562"
252,90903,95614 ,"4,283"
253,90881,95123 ,"64,602"
254,90876,92118 ,"22,664"
255,90833,92075 ,"12,437"
256,90780,91024 ,"11,060"
257,90613,90703 ,"50,069"
258,90528,91604 ,"29,072"
259,90298,92128 ,"49,264"
260,90228,92606 ,"22,294"
261,90179,93651 ,"1,569"
262,89849,91214 ,"31,078"
263,89715,94965 ,"11,114"
264,89607,94513 ,"56,929"
265,89596,91355 ,"33,635"
266,89541,92592 ,"74,558"
267,89508,91711 ,"36,484"
268,89500,90067 ,"2,364"
268,89500,94510 ,"27,515"
270,89464,94303 ,"47,159"
271,89403,93510 ,"7,289"
272,89026,92845 ,"17,202"
273,88987,95008 ,"45,495"
274,88971,90742 ,842
275,88955,91208 ,"16,548"
276,88929,91207 ,"10,334"
277,88926,91902 ,"19,504"
278,88810,94041 ,"13,551"
279,88797,94089 ,"20,476"
280,88750,93208 ,125
280,88750,94973 ,"1,831"
282,88693,94531 ,"42,587"
283,88384,92629 ,"26,955"
284,88333,95493 ,187
285,88160,92869 ,"37,390"
286,88012,94597 ,"20,645"
287,87782,95757 ,"44,638"
288,87738,95655 ,"4,592"
289,87720,93311 ,"44,358"
290,87652,94538 ,"63,850"
291,87598,94530 ,"24,301"
292,87596,96121 ,249
293,87500,95136 ,"41,852"
294,87425,92336 ,"91,510"
295,87361,92532 ,"21,260"
296,87251,90603 ,"20,475"
297,87156,95819 ,"18,374"
298,87110,92646 ,"55,505"
299,87100,95765 ,"36,391"
300,87095,90713 ,"28,411"
301,86967,92663 ,"22,772"
302,86573,90064 ,"25,788"
303,86521,94560 ,"43,635"
304,86505,93010 ,"43,234"
305,86469,92649 ,"32,976"
306,86196,94903 ,"30,110"
307,86070,94122 ,"58,547"
308,86031,95065 ,"8,331"
309,85914,92596 ,"26,044"
310,85857,92648 ,"46,623"
311,85707,92126 ,"78,201"
312,85655,91001 ,"37,481"
313,85514,95121 ,"38,603"
314,85361,92860 ,"27,304"
315,85330,94115 ,"34,556"
316,85251,92865 ,"19,715"
317,85200,93551 ,"50,572"
318,85000,94548 ,400
318,85000,94586 ,984
320,84828,94116 ,"45,552"
321,84819,94521 ,"41,138"
322,84785,92630 ,"59,657"
323,84761,91107 ,"31,828"
324,84750,92676 ,"2,033"
325,84741,91913 ,"43,655"
326,84620,91775 ,"25,395"
327,84588,90293 ,"11,997"
328,84537,90732 ,"19,810"
329,84516,90212 ,"12,415"
330,84488,94110 ,"71,422"
331,84250,92678 ,427
332,84133,95650 ,"12,255"
333,84051,90630 ,"48,844"
334,84021,91006 ,"32,392"
335,84004,90245 ,"16,839"
336,83974,93063 ,"56,687"
337,83902,95003 ,"24,383"
338,83767,90623 ,"15,767"
339,83638,94945 ,"17,973"
340,83542,94158 ,"5,530"
341,83467,95864 ,"22,698"
342,83269,92210 ,"4,839"
343,83194,93465 ,"9,652"
344,83038,93035 ,"26,966"
345,82993,94118 ,"40,102"
346,82917,93605 ,201
347,82857,92662 ,"3,018"
348,82748,95020 ,"59,666"
349,82675,92705 ,"46,163"
350,82564,94587 ,"71,675"
351,82313,90505 ,"37,381"
352,82076,91387 ,"42,518"
353,82005,92708 ,"57,441"
354,81980,94954 ,"36,624"
355,81973,92106 ,"19,539"
356,81918,94503 ,"20,116"
357,81907,94061 ,"37,667"
358,81879,94947 ,"25,969"
359,81860,95688 ,"35,820"
360,81788,94574 ,"9,300"
361,81746,94706 ,"20,206"
362,81685,94523 ,"34,428"
363,81667,94525 ,"3,151"
364,81622,94038 ,"3,435"
365,81471,95618 ,"27,222"
366,81379,91901 ,"18,184"
367,81369,94066 ,"42,100"
368,81328,96073 ,"4,502"
369,81308,93105 ,"24,967"
370,81250,91741 ,"25,678"
371,81093,95492 ,"29,629"
372,81025,90291 ,"27,803"
373,80729,92384 ,34
374,80625,92124 ,"30,196"
375,80479,91030 ,"25,914"
376,80449,95835 ,"39,073"
377,80341,94104 ,223
378,80327,94542 ,"12,498"
379,80313,96106 ,275
380,80288,93962 ,939
381,80279,91311 ,"37,769"
382,80278,90620 ,"45,992"
383,80233,94005 ,"4,421"
383,80233,95624 ,"63,131"
385,80163,92821 ,"37,580"
386,80133,95073 ,"10,849"
387,80132,92626 ,"51,575"
388,80130,92377 ,"19,750"
389,80037,92870 ,"53,474"
390,79895,92120 ,"25,365"
391,79858,90638 ,"49,543"
392,79525,90815 ,"40,572"
393,79485,94963 ,461
394,79457,95372 ,"1,969"
395,79348,92082 ,"19,825"
396,79327,95664 ,"1,135"
397,79121,95693 ,"5,943"
398,78856,94596 ,"20,778"
399,78756,90405 ,"28,535"
400,78750,96061 ,19
401,78676,94619 ,"24,146"
402,78640,95304 ,"17,971"
403,78630,92561 ,"1,600"
404,78607,90069 ,"20,426"
405,78564,94015 ,"62,941"
406,78558,95251 ,874
407,78501,91773 ,"33,869"
408,78378,94080 ,"66,002"
409,78175,90712 ,"32,015"
410,78116,92506 ,"45,993"
411,78114,95452 ,"1,314"
412,78082,90045 ,"41,453"
413,78072,92867 ,"44,569"
414,77930,93611 ,"48,597"
415,77706,94561 ,"38,481"
416,77679,91505 ,"31,133"
416,77679,93424 ,853
418,77583,95918 ,"1,805"
419,77416,95682 ,"29,972"
420,77361,92065 ,"36,039"
421,77305,94923 ,736
422,77250,93928 ,362
423,77247,91344 ,"53,165"
424,77188,95699 ,148
425,77152,91367 ,"42,029"
426,77105,92563 ,"57,605"
427,77092,93720 ,"46,153"
428,77047,90503 ,"45,518"
429,76994,91701 ,"40,822"
430,76912,91750 ,"33,969"
431,76909,94901 ,"42,027"
432,76688,90056 ,"8,380"
433,76669,94553 ,"48,891"
434,76542,95236 ,"3,829"
435,76526,92251 ,"22,348"
436,76447,91745 ,"55,237"
437,76389,95722 ,"4,524"
438,76232,94803 ,"25,998"
439,76027,93004 ,"30,417"
440,75928,92584 ,"46,346"
441,75915,93110 ,"17,321"
442,75862,93067 ,641
443,75750,95637 ,694
444,75714,95697 ,554
445,75671,91423 ,"32,130"
446,75556,95639 ,311
447,75510,95006 ,"9,162"
448,75500,94546 ,"43,448"
449,75481,94579 ,"21,842"
450,75448,92562 ,"63,293"
451,75420,91724 ,"25,405"
452,75411,92672 ,"35,041"
453,75380,93066 ,"3,179"
454,75334,91403 ,"24,353"
455,75327,90035 ,"31,399"
456,75309,95219 ,"28,354"
457,75300,95366 ,"16,734"
458,75221,94952 ,"35,081"
459,75180,90504 ,"32,777"
460,75172,96161 ,"18,475"
461,75163,95625 ,200
462,75160,93636 ,"11,919"
463,75031,90746 ,"26,738"
464,74797,92019 ,"44,357"
465,74637,92647 ,"59,741"
466,74583,95674 ,922
467,74530,95829 ,"25,786"
468,74393,92071 ,"55,362"
469,74283,94564 ,"18,704"
470,74009,94949 ,"16,386"
471,73870,94591 ,"54,530"
472,73850,94610 ,"29,734"
473,73786,90230 ,"33,090"
474,73684,95687 ,"65,781"
475,73621,94924 ,"1,434"
476,73542,95439 ,566
477,73433,93022 ,"7,069"
478,73373,90068 ,"21,943"
479,73352,92555 ,"40,419"
480,73333,95002 ,"1,660"
481,73125,95429 ,77
482,73040,94518 ,"26,647"
483,72939,95368 ,"14,474"
484,72913,90048 ,"22,409"
485,72877,95126 ,"34,618"
486,72739,95628 ,"40,767"
487,72720,94558 ,"67,967"
488,72607,95444 ,774
489,72479,92352 ,"6,783"
490,72465,92675 ,"35,596"
491,72459,95133 ,"27,381"
491,72459,95661 ,"30,559"
493,72452,95258 ,"3,973"
494,72411,94508 ,"4,118"
495,72366,90403 ,"25,116"
496,72279,94401 ,"36,838"
497,72276,90807 ,"33,726"
498,72255,91007 ,"34,198"
499,72218,95209 ,"41,459"
500,72212,93455 ,"42,513"
501,72204,96140 ,"1,126"
502,72192,91106 ,"24,861"
503,72168,91016 ,"42,235"
504,72161,95018 ,"7,660"
505,72156,95405 ,"21,516"
506,72120,95254 ,682
507,72025,90803 ,"30,805"
508,71939,90240 ,"26,287"
509,71911,92123 ,"29,240"
510,71825,91710 ,"83,042"
511,71793,92882 ,"70,188"
512,71757,90745 ,"57,727"
513,71723,94545 ,"30,936"
514,71697,92253 ,"38,462"
515,71688,92270 ,"17,634"
516,71668,94014 ,"48,536"
517,71667,94933 ,"1,069"
518,71661,91941 ,"33,474"
519,71505,94112 ,"83,032"
520,71469,92624 ,"6,450"
521,71316,90232 ,"15,353"
522,71307,92122 ,"44,602"
523,71301,95417 ,170
524,71296,91504 ,"25,544"
525,71278,90025 ,"45,284"
526,71177,94580 ,"29,311"
527,71063,95920 ,417
528,71049,90036 ,"36,425"
529,71000,92358 ,"1,127"
530,70938,95633 ,"3,247"
531,70935,94501 ,"62,571"
532,70858,91351 ,"32,433"
533,70841,90601 ,"34,143"
533,70841,91791 ,"33,174"
535,70830,91040 ,"20,017"
536,70820,95648 ,"48,869"
537,70811,91104 ,"38,421"
538,70781,96128 ,758
539,70724,93536 ,"71,313"
540,70721,94585 ,"29,205"
541,70692,95127 ,"64,498"
542,70417,95709 ,"4,953"
543,70408,91506 ,"18,428"
544,70380,92591 ,"39,767"
545,70261,92119 ,"23,926"
546,70230,93950 ,"15,365"
547,70220,94121 ,"42,043"
548,70096,95128 ,"37,026"
549,70003,95758 ,"62,099"
550,69966,92337 ,"37,844"
551,69942,90211 ,"8,080"
552,69872,95005 ,"6,615"
553,69760,95524 ,"1,902"
554,69750,95703 ,"1,065"
555,69702,92347 ,"1,554"
555,69702,95607 ,315
557,69688,96114 ,"3,315"
558,69678,95023 ,"50,625"
559,69616,93003 ,"51,454"
560,69583,95677 ,"22,808"
561,69341,95050 ,"37,714"
562,69205,92003 ,"4,306"
563,69171,92344 ,"21,392"
564,69148,91356 ,"29,847"
565,69055,93723 ,"9,271"
566,68887,96145 ,"3,215"
567,68884,93013 ,"15,944"
568,68813,94602 ,"29,794"
569,68804,95472 ,"29,408"
570,68701,94572 ,"9,648"
571,68693,95110 ,"19,239"
572,68679,95831 ,"41,597"
573,68636,92378 ,166
573,68636,95465 ,"2,328"
575,68620,92587 ,"16,787"
576,68346,90066 ,"58,337"
577,68333,92061 ,"1,824"
578,68261,92518 ,"1,129"
579,68108,92029 ,"19,528"
580,68078,93907 ,"21,812"
581,68027,92203 ,"27,466"
582,67917,93563 ,375
583,67878,90755 ,"11,400"
584,67718,95117 ,"32,074"
585,67716,93940 ,"33,760"
586,67652,91020 ,"9,249"
587,67639,95316 ,"6,733"
588,67607,94519 ,"19,927"
589,67500,93449 ,"7,789"
590,67383,93103 ,"20,271"
591,67188,95004 ,"3,886"
592,67170,90039 ,"27,843"
593,67048,91740 ,"26,324"
594,67039,92612 ,"29,325"
595,67031,95017 ,654
596,67025,92109 ,"45,304"
597,67019,92833 ,"53,309"
598,67001,95404 ,"40,253"
599,66983,93531 ,338
600,66932,91917 ,896
601,66875,92382 ,"5,161"
602,66848,91792 ,"30,102"
603,66825,92107 ,"26,947"
604,66775,92342 ,"6,303"
605,66771,93463 ,"8,132"
606,66750,95426 ,"1,659"
607,66711,95337 ,"31,399"
608,66706,90605 ,"42,103"
609,66679,93628 ,266
610,66607,94132 ,"31,926"
611,66590,92374 ,"40,911"
612,66553,90631 ,"68,899"
613,66506,93420 ,"30,076"
614,66483,91978 ,"9,812"
615,66417,92059 ,"1,450"
616,66291,95620 ,"21,005"
617,66136,94599 ,"3,187"
618,66079,94805 ,"14,329"
619,66057,91790 ,"46,059"
620,66014,93422 ,"31,899"
621,66000,92008 ,"26,464"
622,65938,95668 ,752
623,65793,92103 ,"31,927"
624,65769,95691 ,"35,929"
625,65735,93287 ,141
626,65706,95467 ,"6,168"
627,65701,93036 ,"44,277"
628,65640,90604 ,"39,541"
629,65625,96006 ,400
630,65425,95409 ,"25,784"
631,65319,92117 ,"53,205"
632,65297,92108 ,"19,245"
633,65208,95356 ,"32,794"
634,65156,93546 ,"9,408"
635,65122,95662 ,"31,814"
636,65114,95651 ,517
637,65035,90404 ,"21,641"
638,64976,92057 ,"55,618"
639,64974,93446 ,"44,288"
640,64874,95382 ,"37,163"
641,64843,93023 ,"20,603"
642,64803,93313 ,"43,644"
643,64787,92040 ,"42,323"
644,64773,95843 ,"47,172"
645,64738,92223 ,"46,719"
646,64712,95442 ,"3,154"
647,64701,90715 ,"20,283"
648,64660,94577 ,"45,808"
649,64625,94931 ,"8,570"
650,64612,92321 ,"1,244"
651,64583,94512 ,214
652,64545,90041 ,"28,439"
653,64479,95669 ,"2,676"
654,64375,95545 ,99
655,64355,95242 ,"26,187"
656,64219,96085 ,50
657,64140,92313 ,"12,252"
658,64089,92780 ,"60,438"
659,64034,95993 ,"35,847"
660,63948,92373 ,"34,017"
661,63934,93711 ,"37,630"
662,63901,95631 ,"5,910"
663,63871,92354 ,"21,555"
664,63833,90606 ,"32,978"
665,63816,95982 ,"3,251"
666,63750,92398 ,"1,165"
666,63750,95776 ,"21,827"
668,63740,91722 ,"36,352"
669,63728,92056 ,"52,758"
670,63722,91905 ,"1,370"
671,63721,95602 ,"18,498"
672,63610,92868 ,"27,353"
673,63604,95658 ,"6,261"
674,63544,91602 ,"18,315"
675,63529,95941 ,505
676,63514,93428 ,"6,348"
677,63413,92585 ,"20,148"
678,63248,95330 ,"17,702"
679,63173,94109 ,"54,768"
680,63112,93440 ,"1,472"
681,63111,91202 ,"23,007"
682,63105,93675 ,"2,808"
683,63045,91780 ,"35,274"
684,63029,95403 ,"44,918"
685,62969,93427 ,"5,279"
685,62969,95678 ,"41,929"
687,62828,92806 ,"39,616"
688,62677,92879 ,"48,654"
689,62589,92866 ,"15,473"
690,62558,90305 ,"15,501"
691,62533,90502 ,"17,135"
691,62533,93555 ,"32,967"
693,62500,91501 ,"19,829"
693,62500,95043 ,636
695,62424,95245 ,"2,064"
696,62384,95252 ,"14,143"
697,62372,91752 ,"28,649"
698,62365,95060 ,"47,148"
699,62262,95376 ,"49,398"
700,62253,95062 ,"36,358"
701,62230,93921 ,"3,164"
702,62182,94515 ,"7,314"
703,62180,95946 ,"10,206"
704,62109,92305 ,321
705,62076,95448 ,"17,078"
706,62056,95223 ,"3,042"
707,62043,95692 ,"4,812"
708,62016,91316 ,"28,190"
709,61952,91730 ,"66,979"
710,61934,92840 ,"56,291"
711,61563,94571 ,"8,171"
712,61525,92595 ,"31,139"
713,61500,95113 ,"1,163"
714,61488,96062 ,"1,253"
715,61466,93601 ,"2,457"
716,61379,93444 ,"19,578"
717,61319,93239 ,"1,950"
718,61310,94573 ,142
719,61308,93437 ,"3,464"
720,61296,91916 ,"1,580"
721,61270,91761 ,"59,892"
722,61255,95632 ,"30,064"
723,61250,95228 ,"4,576"
724,61157,96120 ,"1,091"
725,60959,91306 ,"48,707"
726,60952,94710 ,"6,439"
727,60920,92110 ,"28,006"
728,60899,91342 ,"91,701"
728,60899,95220 ,"7,501"
730,60896,91748 ,"47,859"
731,60802,90401 ,"7,035"
732,60750,95938 ,"3,936"
733,60724,93243 ,"1,720"
734,60720,95713 ,"9,920"
735,60660,95619 ,"4,937"
736,60655,92557 ,"51,871"
737,60648,95685 ,"4,278"
738,60625,92549 ,"2,652"
739,60587,93265 ,"2,892"
740,60579,95626 ,"6,335"
741,60556,95075 ,330
742,60544,90701 ,"16,698"
743,60536,95064 ,"8,425"
744,60532,91723 ,"20,010"
745,60523,90650 ,"106,521"
746,60513,93561 ,"34,246"
747,60459,95949 ,"19,640"
748,60268,96103 ,"1,357"
749,60230,94134 ,"40,343"
750,60162,92154 ,"86,740"
751,60148,91345 ,"18,196"
752,60139,93517 ,796
753,60124,91977 ,"59,481"
754,60118,91010 ,"25,797"
755,60100,95476 ,"38,822"
756,60089,94060 ,"1,650"
757,60000,93925 ,"1,672"
758,59995,92346 ,"58,845"
759,59965,95212 ,"25,244"
760,59878,90501 ,"43,407"
761,59844,95634 ,"3,143"
762,59832,95962 ,"1,285"
763,59738,93461 ,"1,661"
764,59728,92278 ,"4,156"
765,59699,94544 ,"76,508"
766,59679,92139 ,"37,450"
767,59628,94702 ,"16,868"
768,59545,95441 ,"1,989"
769,59502,91746 ,"29,420"
770,59412,92704 ,"87,121"
771,59375,95497 ,983
772,59302,92399 ,"54,056"
773,59150,94709 ,"12,030"
774,59125,90024 ,"50,117"
774,59125,93602 ,"4,207"
776,59099,91103 ,"27,684"
777,59056,95367 ,"24,045"
778,59028,95615 ,"1,090"
779,58993,91324 ,"29,178"
780,58913,95959 ,"17,013"
781,58889,96096 ,814
782,58854,93226 ,363
783,58853,92832 ,"25,247"
784,58810,95470 ,"6,874"
785,58659,94595 ,"16,837"
786,58643,94567 ,730
787,58613,94703 ,"21,421"
788,58517,95694 ,"9,574"
789,58500,92706 ,"36,585"
789,58500,95232 ,217
791,58438,95957 ,773
792,58381,93631 ,"16,844"
793,58365,91101 ,"21,098"
794,58363,94559 ,"27,062"
795,58361,91304 ,"53,517"
796,58353,91906 ,"3,644"
797,58289,95421 ,"1,537"
798,58272,95818 ,"20,135"
799,58262,92582 ,"16,200"
800,58191,95329 ,"2,654"
801,58012,93238 ,"1,575"
802,57969,95975 ,"2,072"
803,57917,96014 ,152
804,57895,94541 ,"62,738"
805,57883,91325 ,"32,823"
806,57860,93030 ,"61,215"
807,57789,91744 ,"87,096"
808,57731,93505 ,"13,232"
809,57708,92627 ,"60,806"
810,57670,93920 ,839
811,57664,95627 ,"3,498"
812,57654,91321 ,"34,576"
813,57652,95361 ,"32,544"
814,57640,91042 ,"28,126"
815,57639,95970 ,482
816,57610,94605 ,"43,168"
817,57588,93543 ,"13,578"
818,57557,92211 ,"24,564"
819,57484,94928 ,"42,668"
820,57470,95122 ,"57,564"
821,57400,95425 ,"10,699"
822,57333,92831 ,"35,316"
823,57287,92114 ,"69,305"
824,57286,92509 ,"78,221"
825,57241,93402 ,"14,880"
826,57223,92028 ,"48,335"
827,57212,96141 ,669
828,57124,92307 ,"38,204"
829,57095,90242 ,"43,199"
830,57052,92504 ,"53,960"
831,57047,95111 ,"60,907"
832,57038,92707 ,"63,595"
833,57014,93426 ,"1,522"
834,56973,94533 ,"70,634"
835,56923,95956 ,459
836,56885,95336 ,"46,433"
837,56875,93560 ,"19,189"
837,56875,95689 ,904
839,56767,91754 ,"33,622"
840,56743,90034 ,"58,968"
841,56738,93552 ,"42,073"
842,56696,95640 ,"10,681"
843,56683,95488 ,309
844,56671,95076 ,"84,587"
845,56667,95720 ,60
846,56651,95834 ,"23,986"
847,56646,95355 ,"59,955"
848,56632,91803 ,"30,586"
849,56607,90660 ,"63,686"
849,56607,95549 ,869
851,56567,93015 ,"17,423"
852,56563,96009 ,329
853,56541,95973 ,"33,511"
854,56394,95937 ,"1,133"
855,56378,94609 ,"22,059"
856,56337,90046 ,"51,329"
857,56277,92392 ,"56,461"
858,56250,95636 ,771
858,56250,95830 ,762
860,56245,90717 ,"21,612"
861,56219,90621 ,"35,478"
862,56154,94589 ,"30,811"
863,56101,95690 ,"1,932"
864,56081,95547 ,"1,347"
865,56059,90241 ,"43,596"
866,56049,95603 ,"28,652"
867,55996,95726 ,"8,566"
868,55959,94608 ,"26,323"
869,55947,92505 ,"49,064"
870,55882,90704 ,"3,952"
871,55878,95623 ,"4,317"
872,55865,94565 ,"87,395"
873,55833,95010 ,"9,367"
874,55827,95833 ,"39,117"
875,55801,93117 ,"55,064"
876,55750,92239 ,428
877,55710,95667 ,"36,639"
878,55656,95670 ,"52,886"
879,55635,92111 ,"47,590"
880,55599,95320 ,"12,739"
881,55530,92078 ,"45,926"
882,55500,95323 ,998
883,55355,95987 ,"5,979"
884,55256,95608 ,"60,729"
885,55250,95045 ,"3,969"
886,55238,91343 ,"61,976"
887,55217,91340 ,"35,455"
888,55210,93033 ,"82,263"
889,55169,92365 ,"1,953"
890,55111,90814 ,"18,789"
891,55082,93906 ,"63,529"
892,55069,92567 ,"9,469"
893,55051,92503 ,"92,959"
894,55000,95653 ,565
895,54980,93436 ,"55,176"
896,54966,92116 ,"32,943"
897,54945,93001 ,"32,360"
897,54945,93101 ,"32,860"
899,54792,95379 ,"3,837"
900,54782,93060 ,"33,836"
901,54769,91702 ,"60,475"
901,54769,93532 ,"2,419"
903,54688,96029 ,165
904,54640,91910 ,"76,797"
905,54630,90710 ,"27,550"
906,54565,92081 ,"28,843"
907,54527,96130 ,"21,920"
908,54444,95659 ,775
909,54422,92805 ,"70,839"
910,54381,93722 ,"80,455"
911,54372,94509 ,"63,351"
912,54366,95326 ,"9,487"
913,54327,95714 ,284
914,54205,93451 ,"4,187"
915,54034,95565 ,"1,092"
916,54003,94063 ,"31,881"
917,54000,92397 ,"4,616"
918,53955,93933 ,"22,696"
919,53820,92026 ,"49,981"
920,53807,92359 ,"8,298"
921,53750,93541 ,651
922,53677,90740 ,"24,288"
923,53652,95407 ,"40,657"
924,53648,95826 ,"38,378"
925,53571,93432 ,798
926,53559,92683 ,"91,204"
927,53473,92027 ,"56,892"
928,53466,95363 ,"26,087"
929,53456,93523 ,"3,378"
930,53419,96008 ,"1,128"
931,53389,94535 ,"4,543"
932,53385,93667 ,"2,089"
933,53368,95436 ,"5,582"
934,53281,95666 ,"5,533"
935,53250,96146 ,823
936,53235,95357 ,"11,353"
937,53214,95936 ,244
938,53194,95612 ,"1,045"
939,53150,94133 ,"27,662"
940,53059,92841 ,"32,839"
941,53056,95564 ,500
942,53054,92249 ,"7,147"
943,53008,93230 ,"66,316"
944,53002,95816 ,"16,845"
945,52906,93401 ,"27,920"
946,52841,95701 ,718
946,52841,96148 ,781
948,52813,95401 ,"38,604"
949,52794,90065 ,"46,254"
950,52579,93442 ,"10,998"
951,52564,93454 ,"37,362"
952,52536,92843 ,"44,468"
953,52517,91755 ,"27,305"
954,52500,96063 ,222
955,52457,92069 ,"47,130"
956,52420,93955 ,"34,084"
957,52408,92804 ,"85,969"
958,52376,91945 ,"26,027"
959,52371,93041 ,"23,998"
960,52354,91942 ,"39,438"
961,52329,93430 ,"2,735"
962,52314,92101 ,"35,893"
963,52292,95684 ,"2,980"
964,52279,96107 ,"1,077"
965,52274,91607 ,"29,591"
965,52274,95695 ,"38,790"
967,52233,93927 ,"17,697"
968,52203,93306 ,"68,910"
969,52173,94806 ,"60,101"
970,52154,96022 ,"17,488"
971,52143,95461 ,"3,318"
972,52123,93527 ,"1,914"
973,52077,91206 ,"33,706"
974,52015,95012 ,"10,470"
975,52000,93544 ,951
976,51992,94514 ,"1,174"
977,51976,94305 ,"13,538"
978,51956,90248 ,"9,936"
979,51935,90670 ,"15,594"
980,51927,95222 ,"5,228"
981,51921,94937 ,970
982,51908,95943 ,805
983,51875,95412 ,352
984,51869,95971 ,"5,798"
985,51827,95621 ,"41,474"
986,51806,95312 ,276
987,51769,90260 ,"35,854"
988,51702,92407 ,"60,118"
989,51667,92036 ,"2,977"
990,51618,95420 ,442
991,51520,93453 ,"3,486"
992,51500,92394 ,"34,479"
993,51427,90042 ,"61,034"
994,51398,91335 ,"77,952"
995,51389,95450 ,228
996,51365,92802 ,"43,743"
997,51345,91331 ,"102,367"
998,51341,93292 ,"38,825"
999,51286,95324 ,"7,733"
1000,51280,93245 ,"37,062"
1001,51250,93514 ,"14,472"
1001,51250,93526 ,714
1001,51250,93603 ,274
1004,51234,91706 ,"77,692"
1005,51225,91801 ,"53,792"
1006,51116,92571 ,"54,825"
1007,51105,91786 ,"52,152"
1008,51060,91764 ,"54,078"
1009,51056,93277 ,"51,849"
1010,51044,93926 ,"9,128"
1011,50996,90249 ,"27,451"
1012,50858,93614 ,"10,865"
1013,50854,95673 ,"14,773"
1014,50833,93291 ,"54,899"
1015,50764,95912 ,"4,550"
1016,50744,92371 ,"14,729"
1017,50740,95334 ,"16,330"
1018,50707,91762 ,"56,148"
1019,50595,93529 ,589
1020,50568,92054 ,"42,992"
1021,50536,95610 ,"43,572"
1022,50528,95827 ,"20,294"
1023,50526,91201 ,"22,985"
1024,50500,95466 ,913
1024,50500,95570 ,"2,083"
1026,50455,93604 ,874
1027,50449,92551 ,"33,050"
1028,50446,95233 ,591
1029,50401,92084 ,"48,275"
1030,50381,91406 ,"53,528"
1031,50316,90027 ,"46,025"
1032,50309,92260 ,"32,855"
1033,50290,93210 ,"21,303"
1034,50227,95536 ,"3,078"
1035,50051,95519 ,"18,496"
1036,50047,92703 ,"69,890"
1037,50035,92021 ,"66,854"
1038,50000,93445 ,"7,168"
1039,49928,92310 ,"9,191"
1040,49851,92020 ,"58,305"
1041,49786,90731 ,"62,348"
1042,49785,93657 ,"35,653"
1043,49732,96016 ,532
1044,49708,95346 ,"1,541"
1045,49688,95340 ,"34,745"
1046,49594,94124 ,"35,201"
1047,49567,95358 ,"31,709"
1048,49552,92530 ,"51,816"
1049,49545,95469 ,"1,960"
1050,49541,94804 ,"40,941"
1051,49491,93901 ,"26,438"
1052,49470,95460 ,"2,338"
1053,49454,95112 ,"57,503"
1054,49423,92590 ,"3,841"
1055,49418,93433 ,"13,337"
1056,49360,90706 ,"77,455"
1057,49206,91767 ,"49,027"
1058,49121,93637 ,"40,101"
1059,49095,94578 ,"38,629"
1060,49088,91352 ,"46,874"
1061,49087,90810 ,"36,736"
1062,49063,96117 ,244
1063,49056,91763 ,"37,432"
1064,48994,91401 ,"40,503"
1065,48950,96137 ,"3,606"
1066,48940,95665 ,"4,862"
1067,48912,95370 ,"26,904"
1068,48896,91766 ,"71,851"
1069,48891,91911 ,"83,710"
1070,48839,95556 ,655
1071,48788,92316 ,"31,720"
1072,48733,92104 ,"44,590"
1073,48681,95503 ,"24,900"
1074,48617,93643 ,"2,724"
1075,48610,92501 ,"22,216"
1076,48510,95369 ,977
1077,48500,95977 ,"1,887"
1078,48488,95301 ,"38,007"
1079,48470,93221 ,"15,391"
1080,48461,93704 ,"26,009"
1081,48443,95988 ,"8,913"
1082,48345,92844 ,"24,314"
1083,48302,91776 ,"37,378"
1084,48287,95247 ,"4,689"
1085,48285,95675 ,309
1086,48147,92055 ,"12,725"
1087,48142,95525 ,"1,668"
1088,48117,91932 ,"26,257"
1089,48063,93553 ,"1,975"
1090,47882,93654 ,"31,575"
1091,47868,95386 ,"10,066"
1092,47833,93513 ,"1,584"
1093,47796,90680 ,"30,770"
1094,47692,95338 ,"11,075"
1095,47679,96090 ,397
1096,47672,92801 ,"63,883"
1097,47656,94520 ,"38,743"
1098,47644,96113 ,"2,294"
1099,47625,96032 ,"2,339"
1100,47622,90602 ,"26,676"
1101,47500,95979 ,685
1101,47500,96150 ,"28,618"
1103,47440,96088 ,"4,099"
1104,47436,90640 ,"63,400"
1105,47413,95116 ,"52,597"
1106,47394,92325 ,"8,318"
1107,47369,93309 ,"60,631"
1108,47308,90010 ,"3,792"
1109,47202,91601 ,"38,781"
1110,47177,91768 ,"36,454"
1111,47098,93960 ,"27,212"
1112,47078,91770 ,"63,119"
1113,47031,93429 ,114
1113,47031,95955 ,"1,384"
1115,46827,95635 ,870
1116,46667,95652 ,"1,010"
1117,46655,92058 ,"45,685"
1118,46615,93268 ,"16,890"
1119,46575,95237 ,"2,999"
1120,46519,92262 ,"26,693"
1121,46518,92314 ,"10,572"
1122,46497,96003 ,"44,398"
1123,46453,95932 ,"7,808"
1124,46441,95961 ,"26,979"
1125,46435,90026 ,"67,986"
1126,46422,96001 ,"34,469"
1127,46394,93727 ,"73,671"
1128,46392,95953 ,"10,631"
1129,46319,95494 ,188
1130,46318,96067 ,"6,994"
1131,46250,91759 ,369
1131,46250,95230 ,635
1133,46187,91303 ,"27,827"
1134,46121,93653 ,"1,357"
1135,46073,92083 ,"36,604"
1136,45953,95482 ,"33,157"
1137,45947,95321 ,"3,461"
1138,45906,95928 ,"36,081"
1139,45889,92311 ,"32,831"
1140,45877,93040 ,"2,037"
1141,45871,95919 ,"1,529"
1142,45769,95698 ,219
1143,45766,90250 ,"95,223"
1144,45729,95551 ,"1,826"
1145,45631,95307 ,"42,470"
1146,45625,91934 ,293
1147,45591,93274 ,"71,430"
1148,45588,95389 ,"1,312"
1149,45568,92655 ,"9,139"
1150,45551,93222 ,"1,681"
1151,45509,95257 ,385
1152,45485,93656 ,"7,194"
1153,45474,90220 ,"50,222"
1154,45439,95828 ,"61,490"
1155,45433,92025 ,"49,734"
1156,45392,95451 ,"12,035"
1157,45332,95616 ,"48,106"
1158,45313,93276 ,176
1159,45299,95453 ,"10,345"
1160,45268,96051 ,"1,110"
1161,45208,90032 ,"47,309"
1162,45197,90805 ,"94,561"
1163,45191,93434 ,"7,178"
1164,45147,92339 ,997
1165,45056,93635 ,"39,439"
1166,44984,90802 ,"38,816"
1167,44965,92376 ,"85,647"
1168,44902,95327 ,"8,679"
1169,44792,95303 ,"1,019"
1170,44771,95315 ,"12,381"
1171,44724,91203 ,"13,740"
1172,44629,90804 ,"40,679"
1173,44583,96024 ,"1,163"
1174,44554,95528 ,"1,273"
1174,44554,96093 ,"4,006"
1176,44542,95842 ,"31,671"
1177,44531,90040 ,"12,830"
1178,44500,95917 ,"3,508"
1179,44464,95681 ,"1,475"
1180,44423,95948 ,"10,349"
1181,44417,94929 ,82
1182,44412,95468 ,"1,192"
1183,44392,95822 ,"42,907"
1184,44348,96056 ,"1,407"
1185,44333,95550 ,269
1186,44250,96118 ,"1,590"
1187,44223,93644 ,"7,434"
1188,44111,93225 ,"5,572"
1189,44028,96035 ,"3,604"
1190,44010,92536 ,"2,750"
1191,44000,95374 ,"1,847"
1192,43981,95642 ,"6,619"
1193,43971,96105 ,165
1194,43917,92276 ,"7,921"
1195,43913,93271 ,"2,278"
1196,43854,95471 ,528
1197,43803,93458 ,"56,514"
1198,43785,90806 ,"43,140"
1199,43784,90723 ,"54,813"
1200,43758,91411 ,"24,146"
1201,43750,93954 ,246
1201,43750,96119 ,71
1203,43707,91605 ,"56,060"
1204,43703,92264 ,"19,754"
1205,43657,96002 ,"33,202"
1206,43638,92225 ,"23,509"
1207,43594,95459 ,596
1208,43564,95446 ,"4,419"
1209,43526,90280 ,"95,515"
1210,43442,93662 ,"30,700"
1211,43430,96027 ,"2,462"
1212,43372,95204 ,"29,246"
1213,43355,95736 ,250
1214,43345,92308 ,"39,953"
1215,43333,92070 ,"1,193"
1216,43322,93609 ,"5,843"
1217,43295,92066 ,273
1217,43295,95589 ,"1,226"
1219,43264,92250 ,"8,461"
1220,43244,90019 ,"67,606"
1221,43170,92234 ,"52,534"
1222,43165,95991 ,"41,212"
1223,43092,92335 ,"99,580"
1224,43036,92372 ,"5,929"
1224,43036,95601 ,161
1226,42984,92553 ,"73,803"
1227,42968,90247 ,"47,374"
1228,42857,96142 ,731
1229,42844,93710 ,"33,114"
1230,42835,93535 ,"73,282"
1231,42829,95457 ,"3,331"
1232,42828,92115 ,"61,718"
1233,42807,93905 ,"60,887"
1234,42778,95945 ,"25,223"
1235,42753,90221 ,"53,657"
1236,42711,92227 ,"26,818"
1237,42708,95039 ,"1,545"
1238,42698,92570 ,"56,766"
1239,42677,95388 ,"14,410"
1240,42655,95540 ,"13,012"
1241,42627,96064 ,"4,762"
1242,42619,96084 ,530
1243,42614,95311 ,"2,073"
1244,42576,95645 ,"2,110"
1245,42545,95629 ,"1,002"
1246,42517,92284 ,"25,045"
1247,42500,94971 ,362
1247,42500,95568 ,94
1247,42500,96132 ,103
1250,42454,93930 ,"16,843"
1251,42433,96020 ,"2,246"
1252,42404,95206 ,"65,324"
1253,42366,95333 ,"3,064"
1254,42323,92345 ,"81,049"
1255,42319,95901 ,"32,742"
1256,42303,93630 ,"18,990"
1257,42299,95383 ,"3,728"
1258,42273,93224 ,429
1258,42273,95950 ,724
1260,42250,93625 ,"7,068"
1261,42237,93549 ,334
1262,42228,95832 ,"11,908"
1263,42222,93641 ,233
1264,42213,95360 ,"11,756"
1265,42212,92320 ,"8,097"
1266,42206,92243 ,"48,615"
1267,42195,91606 ,"45,467"
1268,42084,92544 ,"47,136"
1269,42083,93450 ,814
1270,42057,90262 ,"70,650"
1271,41982,95969 ,"27,443"
1272,41964,92268 ,605
1273,41888,95942 ,"1,098"
1274,41772,96094 ,"6,370"
1275,41737,93308 ,"54,132"
1276,41615,95660 ,"33,014"
1277,41612,94103 ,"24,108"
1278,41579,93286 ,"9,942"
1279,41578,90744 ,"58,061"
1280,41575,92102 ,"44,893"
1281,41536,92617 ,"15,805"
1282,41522,96124 ,366
1283,41488,93206 ,"2,196"
1283,41488,93405 ,"34,833"
1285,41485,91732 ,"63,849"
1286,41458,95249 ,"3,796"
1287,41393,95553 ,"1,173"
1288,41278,92324 ,"58,013"
1289,41202,92315 ,"5,236"
1290,41187,90302 ,"30,219"
1291,41136,95531 ,"24,202"
1292,41103,95328 ,"4,717"
1293,41051,92507 ,"55,156"
1294,41042,95345 ,448
1294,41042,96076 ,88
1296,41016,96101 ,"5,260"
1297,40962,94603 ,"32,306"
1298,40930,91733 ,"43,790"
1299,40903,95348 ,"31,387"
1300,40897,92236 ,"43,037"
1301,40833,93263 ,"20,204"
1302,40826,94590 ,"34,859"
1303,40807,90303 ,"26,453"
1304,40781,96028 ,"1,633"
1305,40775,95966 ,"30,916"
1306,40753,95215 ,"23,764"
1307,40747,96055 ,"4,097"
1308,40732,95322 ,"8,727"
1309,40730,95820 ,"34,529"
1310,40545,95954 ,"12,535"
1311,40528,90047 ,"46,999"
1312,40500,95563 ,559
1313,40461,95350 ,"50,676"
1314,40455,96019 ,"10,129"
1315,40341,94576 ,87
1316,40340,96143 ,"3,855"
1317,40208,91502 ,"12,605"
1318,40181,95562 ,"3,435"
1319,40179,93251 ,229
1320,40119,92545 ,"41,078"
1321,40109,93242 ,"3,230"
1322,40079,92230 ,"3,297"
1323,40056,90222 ,"32,362"
1324,40024,92201 ,"63,915"
1325,40021,95240 ,"47,297"
1326,39917,92220 ,"32,793"
1327,39880,93591 ,"6,558"
1328,39756,96021 ,"16,121"
1329,39753,91204 ,"16,292"
1330,39743,95380 ,"41,069"
1331,39622,91963 ,"1,043"
1332,39601,94601 ,"49,990"
1333,39551,93257 ,"75,390"
1334,39533,91950 ,"61,262"
1335,39528,92583 ,"31,167"
1336,39485,95963 ,"15,018"
1337,39481,95838 ,"35,935"
1338,39464,92548 ,"7,020"
1339,39409,92252 ,"9,228"
1340,39375,95646 ,98
1341,39288,96080 ,"27,650"
1342,39219,95306 ,952
1343,39206,90063 ,"54,353"
1343,39206,93280 ,"27,390"
1345,39167,95717 ,199
1346,39110,95246 ,"1,258"
1347,39060,92701 ,"52,588"
1348,39055,90716 ,"14,358"
1349,39051,90022 ,"69,516"
1349,39051,93610 ,"24,151"
1351,39013,96092 ,277
1352,39009,91402 ,"70,781"
1353,38907,96007 ,"22,942"
1354,38889,96038 ,599
1355,38856,94801 ,"29,269"
1356,38853,92539 ,"3,890"
1357,38777,95821 ,"34,439"
1358,38767,92404 ,"60,501"
1359,38750,94956 ,"1,687"
1359,38750,95456 ,600
1359,38750,95641 ,"1,732"
1359,38750,96068 ,135
1363,38738,90043 ,"43,118"
1364,38733,93202 ,"3,486"
1365,38709,92395 ,"42,481"
1366,38690,95728 ,495
1367,38665,93668 ,"1,215"
1368,38636,95916 ,"1,291"
1369,38563,95207 ,"48,748"
1370,38510,95210 ,"40,820"
1371,38502,93550 ,"74,203"
1372,38500,96057 ,"1,332"
1373,38493,90004 ,"63,547"
1374,38491,95019 ,"7,374"
1375,38464,95841 ,"19,361"
1376,38438,96017 ,234
1377,38359,93673 ,910
1378,38276,95437 ,"14,351"
1379,38269,93618 ,"29,628"
1380,38255,95605 ,"14,326"
1381,38229,92333 ,640
1382,38175,95501 ,"23,769"
1383,38162,91405 ,"53,406"
1384,38089,96013 ,"3,881"
1385,38077,94130 ,"3,083"
1386,38050,90016 ,"47,786"
1387,37813,90301 ,"36,714"
1388,37727,96044 ,"1,040"
1389,37703,95410 ,886
1390,37692,95490 ,"12,905"
1391,37672,95811 ,"7,131"
1392,37663,95910 ,115
1393,37631,95385 ,515
1394,37591,92405 ,"29,526"
1395,37500,95310 ,"1,934"
1395,37500,95951 ,"2,948"
1397,37461,95935 ,594
1398,37414,91205 ,"38,138"
1399,37382,95825 ,"31,083"
1400,37321,95449 ,"1,583"
1401,37316,92277 ,"24,112"
1402,37296,95926 ,"38,276"
1403,37288,94606 ,"37,001"
1404,37264,95203 ,"15,711"
1405,37235,96134 ,"2,506"
1406,37207,93612 ,"34,814"
1407,37188,92322 ,911
1408,37150,92391 ,"3,001"
1409,37121,90020 ,"39,102"
1410,37083,95462 ,"1,216"
1411,37082,90023 ,"45,886"
1412,37013,90201 ,"102,515"
1413,36955,91731 ,"29,209"
1414,36893,92105 ,"71,334"
1415,36890,93638 ,"49,761"
1416,36875,94108 ,"13,930"
1416,36875,96065 ,387
1416,36875,96071 ,77
1419,36845,94511 ,"2,158"
1420,36838,92309 ,916
1421,36778,90304 ,"26,936"
1422,36737,92637 ,"16,284"
1423,36731,95823 ,"73,641"
1424,36678,95255 ,"1,991"
1425,36563,95567 ,"1,854"
1426,36500,92004 ,"2,624"
1427,36450,90270 ,"27,663"
1428,36447,96059 ,711
1429,36429,96040 ,229
1430,36406,93244 ,340
1431,36394,92586 ,"19,384"
1432,36321,93215 ,"56,028"
1433,36310,96069 ,880
1434,36254,95354 ,"24,356"
1435,36201,95445 ,"1,522"
1436,36196,95454 ,"2,135"
1437,36180,90008 ,"33,012"
1438,36167,95231 ,"4,961"
1439,36000,95558 ,360
1440,35985,90255 ,"76,206"
1441,35750,95595 ,180
1442,35745,92173 ,"31,518"
1443,35635,93725 ,"26,879"
1444,35634,95542 ,"2,718"
1445,35607,95573 ,"1,433"
1446,35603,92327 ,"1,202"
1447,35600,93534 ,"39,120"
1448,35476,95313 ,"1,006"
1449,35429,93203 ,"21,784"
1450,35315,92240 ,"35,878"
1451,35253,90029 ,"40,161"
1452,35220,95965 ,"20,599"
1453,35150,93304 ,"51,607"
1454,34961,93250 ,"13,925"
1455,34945,96122 ,"4,382"
1456,34911,95527 ,553
1457,34896,92241 ,"9,156"
1458,34869,93620 ,"10,028"
1459,34845,95817 ,"14,472"
1460,34783,92386 ,"1,949"
1461,34769,93452 ,721
1462,34750,92328 ,281
1462,34750,93207 ,263
1464,34733,92231 ,"39,675"
1465,34732,95351 ,"48,437"
1466,34688,96111 ,69
1467,34656,90031 ,"39,333"
1468,34643,95415 ,"1,591"
1469,34583,95552 ,587
1470,34566,90061 ,"28,641"
1471,34565,93212 ,"25,204"
1472,34537,92301 ,"32,667"
1473,34505,93247 ,"18,932"
1473,34505,93272 ,"3,438"
1475,34500,95947 ,"1,663"
1476,34464,96050 ,408
1477,34358,93307 ,"84,184"
1478,34192,94607 ,"24,830"
1479,34191,96048 ,977
1480,34063,92282 ,783
1480,34063,95735 ,30
1482,34050,90001 ,"56,314"
1483,33850,90038 ,"28,798"
1484,33813,93665 ,612
1485,33750,92408 ,"15,318"
1486,33678,90059 ,"42,470"
1487,33600,93624 ,"1,359"
1488,33582,92356 ,"6,293"
1489,33375,92086 ,"1,335"
1490,33373,95814 ,"10,076"
1491,33357,95205 ,"36,928"
1492,33333,96123 ,36
1493,33309,95335 ,613
1494,33173,95903 ,"1,772"
1495,33162,93267 ,"6,962"
1496,33125,92368 ,"1,064"
1496,33125,95555 ,329
1498,33100,95968 ,"1,438"
1499,33036,95317 ,"1,033"
1500,33011,93249 ,"2,698"
1501,32898,93647 ,"11,926"
1502,32897,93501 ,"5,258"
1503,32783,93235 ,"4,044"
1504,32782,95428 ,"2,491"
1505,32750,93254 ,700
1506,32747,92411 ,"26,364"
1507,32721,96025 ,"2,102"
1508,32711,95521 ,"20,769"
1509,32710,92363 ,"5,355"
1510,32658,93728 ,"14,711"
1511,32635,93705 ,"38,130"
1512,32634,96052 ,"1,652"
1513,32500,96010 ,187
1513,32500,96126 ,133
1515,32471,93726 ,"42,618"
1516,32431,95432 ,348
1517,32361,95715 ,80
1518,32328,92233 ,"10,460"
1519,32319,95365 ,"4,796"
1520,32273,93223 ,"10,759"
1521,32233,95341 ,"33,744"
1522,32175,93648 ,"16,102"
1523,32125,93622 ,"9,747"
1524,32104,90018 ,"48,852"
1525,32067,90062 ,"32,675"
1526,32054,92281 ,"1,960"
1527,32045,92256 ,"3,631"
1528,31964,95543 ,551
1529,31932,95569 ,277
1530,31917,96091 ,578
1531,31912,93545 ,"2,099"
1532,31892,95934 ,504
1533,31886,93241 ,"18,474"
1534,31818,93650 ,"3,767"
1535,31771,93252 ,"3,665"
1536,31742,90028 ,"29,994"
1537,31544,93621 ,307
1538,31438,95686 ,965
1539,31403,90006 ,"61,419"
1540,31296,92266 ,62
1541,31250,93616 ,"2,126"
1541,31250,96074 ,199
1541,31250,96115 ,212
1544,31215,90813 ,"60,017"
1545,31214,90005 ,"38,638"
1546,31144,93285 ,"2,218"
1547,31111,93608 ,725
1548,31058,96058 ,752
1549,30997,94704 ,"26,334"
1550,30963,93301 ,"11,685"
1551,30879,94612 ,"14,500"
1552,30710,96023 ,"1,339"
1553,30708,93516 ,"2,271"
1554,30528,94621 ,"32,269"
1555,30500,96034 ,285
1556,30478,93562 ,"1,781"
1557,30214,90002 ,"50,098"
1558,30016,90003 ,"66,913"
1559,29952,96046 ,255
1560,29913,95560 ,"1,374"
1561,29889,90011 ,"102,926"
1562,29848,93283 ,"2,313"
1563,29812,93305 ,"37,871"
1564,29721,95815 ,"25,772"
1565,29708,95485 ,"2,508"
1566,29659,96109 ,731
1567,29511,92283 ,"2,334"
1568,29492,90012 ,"30,029"
1569,29362,92285 ,"2,731"
1570,29306,96033 ,526
1571,29304,93234 ,"6,896"
1572,29302,93204 ,"14,553"
1573,29250,95960 ,974
1574,29197,93706 ,"39,794"
1575,29063,95939 ,512
1576,29048,96104 ,548
1577,29030,93255 ,598
1578,29005,93261 ,"3,248"
1579,28958,94940 ,194
1580,28953,90015 ,"18,226"
1580,28953,96097 ,"9,790"
1582,28897,95486 ,54
1583,28750,96039 ,"1,206"
1584,28556,94922 ,492
1585,28472,95387 ,768
1586,28447,95824 ,"29,781"
1587,28406,93703 ,"34,122"
1588,28344,90044 ,"88,412"
1589,28285,93519 ,97
1590,28261,96133 ,160
1591,28185,92113 ,"57,580"
1592,28005,93518 ,986
1593,27938,93201 ,"1,173"
1594,27914,93646 ,"10,716"
1595,27890,92274 ,"18,937"
1596,27807,93270 ,"5,519"
1597,27727,96087 ,525
1598,27379,95423 ,"3,040"
1599,27361,93256 ,"6,035"
1600,27190,90033 ,"48,567"
1601,27163,92543 ,"34,680"
1602,27120,92410 ,"47,510"
1603,26958,93626 ,813
1604,26940,90057 ,"45,747"
1605,26852,92273 ,"1,228"
1606,26827,96041 ,"2,795"
1607,26813,93554 ,128
1608,26771,96110 ,129
1609,26667,92242 ,"1,235"
1609,26667,95464 ,"2,208"
1611,26638,90037 ,"61,536"
1612,26518,95585 ,454
1613,26491,92254 ,"12,300"
1614,26281,95546 ,"3,434"
1615,26250,95983 ,440
1615,26250,96112 ,230
1617,26223,93660 ,"4,621"
1618,26058,95548 ,"1,459"
1619,26054,93240 ,"5,667"
1620,26031,93702 ,"47,850"
1621,26000,93512 ,178
1622,25934,95422 ,"15,453"
1623,25741,93640 ,"12,140"
1624,25707,92258 ,520
1625,25662,96047 ,775
1626,25486,93558 ,267
1627,25327,93615 ,"5,923"
1628,25200,95914 ,555
1629,24814,95319 ,"1,581"
1630,24722,95922 ,595
1631,24625,96116 ,162
1632,24375,93260 ,175
1633,24276,93666 ,683
1634,24205,96015 ,814
1635,24127,94102 ,"28,013"
1636,24122,93266 ,"1,465"
1637,24118,93218 ,"1,009"
1638,24032,91931 ,331
1639,24009,93623 ,58
1640,23750,95554 ,325
1641,23542,96031 ,165
1642,23458,93219 ,"10,378"
1643,22917,93652 ,288
1644,22904,95559 ,103
1645,22893,95514 ,170
1646,22646,90007 ,"43,779"
1647,21979,95526 ,237
1648,21912,92259 ,269
1649,21875,96054 ,294
1650,21838,96086 ,379
1651,21429,95248 ,178
1652,21410,95427 ,227
1653,21333,94950 ,74
1654,21120,90013 ,"10,575"
1655,21009,90017 ,"23,719"
1656,20980,95458 ,"3,334"
1657,20972,96075 ,308
1658,20896,93258 ,"2,292"
1659,20349,93205 ,"2,065"
1660,20179,95224 ,266
1661,19922,95225 ,570
1662,19375,92275 ,"1,413"
1663,18750,96011 ,155
1664,18553,93701 ,"10,788"
1665,18220,92257 ,"1,757"
1666,17981,91046 ,168
1667,17134,90014 ,"6,659"
1668,16649,92401 ,"2,104"
1669,16537,95537 ,130
1670,16154,93606 ,604
1671,15988,90058 ,"2,748"
1672,15529,95443 ,268
1673,15023,95202 ,"5,409"
1674,14848,92341 ,294
1675,14688,96037 ,220
1676,14073,95679 ,48
1677,13906,93528 ,79
1678,13750,95511 ,452
1679,12748,90021 ,"2,913"
1680,12404,96049 ,90
1681,12000,92389 ,115
1682,11922,93721 ,"6,308"
1683,11250,93530 ,28
1684,10625,90089 ,"3,326"
1685,10481,95915 ,58
1686,6827,93669 ,284
